1 Kg Levedo (levedura) De Cerveja 100% Puro;Levedo de cerveja
Abacate a Granel com 2 Unidades;Abacate 
Abacate Kg;Abacate
Abóbora Cabaça - kg;Cabaça
ABOBORA CABOTIA KG;Abóbora
Abóbora Cabotian;Abóbora
Abóbora D’água kg;Abóbora-d'água
Abóbora Japonesa Orgânica Kg;Abóbora
Abóbora Japonesa Unidade;Abóbora
ABÓBORA JERIMUM DE LEITE - SERGIPANA 7G;Abóbora
Abóbora Moranga Unidade;Abóbora-moranga
Abóbora Sergipana em cubos (1 saco aprox. 300g);Abóbora
Abobrinha Brasileira Orgânica;Abobrinha orgânica
Abobrinha Italiana 800g;Abobrinha
Abobrinha Italiana Orgânica TAEQ 600g;Abobrinha orgânica
Açafrão Kitano 50g;Açafrão em pó
Acelga Higienizada QUALITÁ 170g;Acelga
Acelga Orgânica(uni);Acelga orgânica
Acelga Strapasson 300g;Acelga
Acém - Cubos - 01kg;Acém
Acerola 540g;Acerola
Achoc Po Nescau Pc 730g;Chocolate e achocolatado em pó
Achocolatado em Pó NESCAU 33% Menos Açúcares 380g;Chocolate e achocolatado em pó
Achocolatado em Pó NESQUIK Morango 380g;Chocolate e achocolatado em pó
Achocolatado em Pó Ovomaltine Flocos Crocante 300g;Chocolate e achocolatado em pó
Achocolatado Tody Original Pote 800g;Chocolate e achocolatado em pó
Acucar Cristal Alegre Pacote 1kg;Açúcar cristal
Açúcar Cristal Olho Dagua 1kg;Açúcar cristal
Açúcar de Baunilha Faycal Pó Saddi 30g;Açúcar de baunilha
Açúcar de Coco- 500gr;Açúcar de coco
Açúcar de Coco Tia Sônia 200g;Açúcar de coco
Açúcar Globo Extra Fino 5kg;Açúcar refinado
Açúcar Light Stevia Natus Sabore 500g;Açúcar light
Açúcar Natural Demerara CARAVELAS Pacote 1kg;Açúcar demerara
Açúcar Orgânico Demerara ITAJÁ Pacote 1kg;Açúcar demerara orgânico
Açúcar Orgânico Demerara;Açúcar demerara orgânico
Acucar Refin Granul Estrela 1kg;Açúcar refinado
Açúcar Refinado UNIÃO Pacote 1kg;Açúcar refinado
Açúcar Ruf de Baunilha 80g;Açúcar de baunilha
Adoçante em Pó Zero Cal Eritritol Zero Lactose 250g;adoçante artificial
Adoçante Liquido Adocyl Sucralose 160ml;adoçante artificial
Adoçante Líquido LINEA 75ml;Adoçante artificial
Adoçante Líquido Stévia LINEA 25ml;adoçante artificial
Adoçante Líquido Sucralose LINEA 25ml;Adoçante artificial
Água De Coco Esterilizada Kero Coco Caixa 1L;Água de coco
Água de Coco Kero Coco 330ml;Água de coco
Água de Coco Quadrado 32 Caixinhas 200ml Sabores Mega;Água de coco
AGUA MINERAL INGA NATURAL COPO 200ML;Refrigerante e água mineral
Água Mineral Natural Crystal com Gás 1,5l;Refrigerante e água mineral
Água Mineral Natural San Pellegrino Gaseificada 250ml;Refrigerante e água mineral
Água Mineral Natural Sem Gás Crystal 500ml;Refrigerante e água mineral
Água Mineral Sferriê com Gás 1,5L;Refrigerante e água mineral
Água Saborizada Com Gás Crystal Limao 510ml;Refrigerante e água mineral
Aguardente Bagaceira Português Neto Costa 1000ml;Aguardente
Aguardente Carvalho Haus Hellwig 500ml;Aguardente
Aguardente de Cana Adoçada Pitú Garrafa 965ml;Aguardente
Aguardente de Cana Ypióca Prata Empalhada 960ml;Aguardente
Alcachofra 1un;Alcachofra
Alcaparras La Pastina Peso Drenado 60G;Alcaparra
Alcatra Bovina Manipulada ( fatiada inteira ) 600g;Alcatra
Alcatra Suina Chur Facil Aurora Con800g;Carne de porco
Alcatra Suína Pif Paf Grill Temperado Congelado 900g;Carne de porco
Alecrim (uni);Alecrim
Alface Americana Up Fruit Orgânica 250g;Alface orgânica
Alface Lisa Higienizada QUALITÁ 170g;Alface
Alface Lisa Sempre Und;Alface
Alface Mimosa Org Und;Alface orgânica
Alface Zaruvny Hidropônica 1un;Alface
ALGA NORI KIZAMI TOWA - 10 GRAMAS;Alga
Alho Branco Com Casca (1 unidade aprox. 50g);Alho
Alho Poró 300g;Alho-porró
Alho Poro DEVILE Unidade;Alho-porró
Almôndega de Soja Seara Incrível Caixa 320g;Almôndega de soja
Almôndega Seara 500g;Almôndega
Almôndegas Bovina AURORA Caixa 500g;Almôndega
Amaciante de Carnes MAGGI Fondor Tempero 120g;Amaciante de carne
Ameixa Fresca 490g;Ameixa
AMEIXA FRESCA NACIONAL (1 KG);Ameixa
Amendoa Laminada Benassi 110g;Amêndoa
Amêndoas Natural Crua A Melhor - 1kg;Amêndoa
Amendoim Japonês YOKI Pacote 500g;Amendoim salgado
Amendoim Torrado Salgado Da Nona 1kg;Amendoim (em grão)
Amendoim Vermelho Crú C/ Pele - 4 Kg;Amendoim (em grão)
Amido De Milho Corn Mil Indemil - 25kg #632;Amido de milho
Amido de Milho Maizena Tradicional 200g;Amido de milho
ANCHOVA INTEIRA CONGELADA;Peixe-anchova
Aneis De Lula Congelado Seara 400g;Lula
Aperitivo Brasilberg Underberg 920ml;Outras bebidas alcoólicas
Aperitivo St Raphael 750ml;Outras bebidas alcoólicas
Apresuntado Peperi Kg;Lanche peperi (presuntos suíno e de frango)
Apresuntado Sadia Fatiado 260g;Apresuntado
ARANHA BOVINA CONGELADA MAFRINORTE KG;Alcatra
Arraia In Natura;Peixe-arraia
Arroz Agulhinha Polido Orgânico Biodinâmico 1kg - Volkmann;Arroz orgânico
Arroz Agulhinha Tipo 1 Codil 1kg;Arroz
Arroz Biju Especial Para Risoto;Arroz
Arroz Branco ou Parboilizado Máximo Kg;Arroz
Arroz Branco Ouro Nobre 5Kg;Arroz
Arroz Branco Tipo Japonês (Granel - Preço/100g);Arroz japonês
Arroz Glutinoso Motigome Integral Inteiro Bonsai 1Kg;Arroz integral
ARROZ MINAMI MAI CURTO AZUMA - 5KG;Arroz
Arroz Negro Integral Orgânico CooperNatural 1Kg;Arroz orgânico
Arroz Preto Selvagem (Granel - Preço/100g);Arroz negro
Arroz Tio João Integral Orgânico - 1kg;Arroz orgânico
Arroz Tio João Integral Parboilizado 1kg;Arroz integral
Arroz Tipo 1 Namorado 5Kg;Arroz
Arroz Tipo 1 Tradicional Paranaíba 5kg;Arroz
Arroz Urbano Integral Pa 1kg C/8;Arroz integral
Arroz Vermelho Scotti Ermes Pc 500g;Arroz
Asa De Frango Congelada Sadia 1kg;Asa de galinha ou frango
ASA DE FRANGO CONGELADO SOMAVE KG;Asa de galinha ou frango
Aspargo Verde Importado Maço;Aspargo (in-natura)
Aspargos Branco CASINO Vidro 395g;Aspargo em conserva
ASPARGOS FRESCOS 450G;Aspargo (in-natura)
Atemoia 500g;Atemoia
Atum Coqueiro Ralado Natural 170g;Atum em conserva
Atum Solido Zuppa Lata 170 Oleo .;Atum em conserva
Ave Chester Perdigão Mineiro 3,8kg;Chester
Aveia Em Flocos Integral Vitapão 1kg;Aveia em flocos
Aveia Em Flocos Regulares Quaker Caixa 165G;Aveia em flocos
AVEIA EM GRÃO 500G;Aveia (em grão)
Aveia Flocos Nestlé 340g;Aveia em flocos
Avela S/casca Benassi 120g;Avelã
Avocado Baby JAGUACY 800g;Abacate
Azedinha (uni);Azedinha
Azeite de Dendê Cepêra 100ml;azeite de dendê
Azeite De Oliva Gallo Puro 500ml;azeite de oliva
Azeite Ext Virgem Serrata Selecao 500ml;azeite de oliva
Azeite Extra Virgem O-Live 400ml;azeite de oliva
Azeite Português de Oliva Extra Virgem ANDORINHA Vidro 500ml;azeite de oliva
Azeitona Preta Inteira Em Conserva QUALITÁ Pote 200g;Azeitona
Azeitona Verde Zuppa Vidro 200g;Azeitona
Bacalhau Porto Gadus Macrocephalus 8/10kg;Bacalhau
Baço Bovino Friboi;Outras vísceras
Bala 7 belo framboesa 150G arcor;Balas
BALA DE TAMARINDO 100G;Balas
Bala Dori Hortelã Mint Recheada 150g;balas
Bala Fine Drops Sabor Cereja Woogie 200g - Importada Aústria;Balas
Bala Halls Morango 28g;balas
Bala Skittles Frutas Silvestres 38gr;balas
Banana Caturra;Banana-d'água
Banana Orgânica BanaLeve 600g;Banana orgânica
Banana Pacovan 1 unidade;Banana-prata
Banana passa 86G - banana brasil;Fruta seca
Banana Prata Orgânica TAEQ 600g;Banana-prata orgânica
Banana Prata Pacovan 700g;Banana-prata
Banana Terra 1kg;Banana-da-terra
Banha Sadia 1kg;banha de porco
Barra Cereais Ritter Morango E Aveia Leve 4 Pague 3 80g;Barra de cereais
Barra De Cereais Agtal Mixed Nuts Cranberry 60g;barra de cereais
Barra de Cereal Banana com Cobertura Chocolate ao Leite BANANA BRASIL 81g;Barra de cereais
Barra de cereal de caju;Barra de cereais
Barra de Chocolate Amargo Amaro 40% cacau Lacta 90g;Chocolate em barra e bombom
Barra De Chocolate Barra Hershey`s Ovomaltine 87g;Chocolate em barra e bombom
Barra de Chocolate Meio Amargo Qualitá 90g;Chocolate em barra e bombom
Barra de Proteína Veganpro Cacau Nutrify 40g;barra de cereais
barra nuts original 60g nutry;Barra de cereais
Barriga Suína (Panceta) Temperada (800g) - Na Brasa;Carne de porco
Batata 1 Unidade 300g;Batata (não especificada)
Batata Asterix Pacote 2Kg;Batata (não especificada)
Batata Comum Granel 1kg;Batata-inglesa
Batata Doce Rosada a Granel 800g;Batata-doce
Batata Doce Roxa;Batata-doce
Batata Inglesa Orgânica TAEQ 600g;Batata-inglesa orgânica
Batata Inglesa Orgânica Hortifruti Natural da Terra;Batata-inglesa orgânica
Batata Yacon 500g;Batata yacon
Bebida Energética Fusion 1l;Energético e Isotônico
Bebida Láctea Fiore Ameixa 900g;Iogurte e bebidas lácteas
Bebida Láctea Nestlé Morango 900g;Iogurte e bebidas lácteas
Bebida Mista Nossa Fruta Cong 390g Acai/caja/tamar;Bebida mista
Bebida Mista Smirnoff Ice 275ml;Outras bebidas alcoólicas
Beiju de Tapioca Pão de Festa;Beiju
Berinjela 460g;Berinjela
BERTALHA UNIDADE;Bertalha
Bife À Rolê - 800grs;Bife rolê
Bife Brachola Cha Fora Bovino 600g;Bife rolê
Bife Cha Dentro Bovino 620g;Chã de dentro
Bife De Contra Filé SWIFT 900g;contrafilé
Bife de Soja Escuro 100g;Bife vegetal
Bife Especial Contra File Bovino 340g;Contrafilé
Bife Para Rolê de Coxão Duro Rubia Gallega QualitA 400g;bife rolê
Bife Rolê Cha Fora Bovino 540g;Bife rolê
Bife Vegetal Lata 400g Superbom;Bife vegetal
Bife Vegetal SUPERBOM Lata 300g;Bife vegetal
Biscoito Bauducco Cereale Cacau e Castanhas 170g;biscoito
Biscoito BAUDUCCO Cookie Original Pacote 66g;biscoito
Biscoito Bono 126g Nestlé;biscoito
Biscoito de Polvilho Tick Titos Tradicional 100g;biscoito
Biscoito Marilan Cracker Integral 420g;biscoito
Biscoito PIRAQUÊ Leite Maltado E Coco 160g;biscoito
Biscoito Piraquê Presuntinho 100g;biscoito
Biscoito QUALITÀ Rosquinha de Chocolate 335g;biscoito
Biscoito Recheado Vitarellabem Casado 60g;biscoito
Biscoito Recheio Flocos Vitarella Treloso Pacote 6;Biscoito
Biscoito Richester Krokitos 80g;Biscoito
Biscoito Vitarella Delicita Salgado 400g;Biscoito
Biscoito Wafer Estrela 98g Morango .;biscoito
BISTECA SUÍNA PREÇO POR KG;Carne de porco
Blanquet de Peru Sadia Light 200g;Blanquet de peru
Blend de legumes picados - 400g;Jardineira (seleta)
Blueberry Importado Mirtilo 125g;Mirtilo
Bok Choy (unidade);Couve-chinesa
Bolo Baunilha Recheio Chocolate Ana Maria Pacote 35g;Bolo
Bolo De Carimã 330g;Bolo
Bolo De Milho 540g;Bolo
Bolo Redondo Artesano Pullman de Erva Doce 280g;bolo
Bolo Seven Boys Coco 250g;bolo
Bolo Suavipan Mesclado Light 250g;bolo  
Bolo Suavipan Sabor Laranja Light 250g;bolo
Bombom de Chocolate Ouro Branco Unitário 20g;Chocolate em barra e bombom
Bombom Sortido Garoto 250g;Chocolate em barra e bombom
Brocolis Hibrido Organico (uni);Brócolis orgânico
Brócolis Japonês 1un;Brócolis
Brócolis Japonês Orgânico TAEQ 300g;Brócolis orgânico
Broto de Bambu MARUNAKA Fatiado 330g;Broto de bambu
Broto Feijao 250g;Broto de feijão
Brotos de Alfafa Orgânico (50g);Broto de alfafa
Bucho Bov Bomfrigo Fatiadoi 1,100 Kg;Tripa e bucho
Cabeça de Pintado Kg;Peixe-pintado
CABECA SUINA KG;Cabeça suína
CAÇÃO EM POSTAS 1KG;Peixe-cação
Cachaca Ypioca 700ml 160 Anos Malte;Outras bebidas alcoólicas
Café 3 Corações Extra Forte em Pó Torrado e Moído Vácuo 500g;Café moído
Café 3 Corações Tradicional a Vácuo 500g;Café moído
Café Com Leite Três Corações Zero Açúcar 265g;Café com leite em pó
Café em Cápsula Illy Espresso Clássico 57g;Café em cápsulas
Café em Grão Jandaia para Moer 500g;Café em grão
Café Melitta Solúvel Tradicional 50g;Café solúvel
Café Melitta Tradicional a Vácuo 500g;Café moído
Café Pelé Leve 500g Pague 450g;Café moído
Café Pilão Descafeinado a Vácuo 250g;Café moído
Café Solúvel L'or Intense 50g;Café solúvel
Café Torrado e Moído Melitta Descafeinado Clássico 250g;Café descafeinado
Café Torrado E Moído Nescafé Origens Chapada Diamantina 250g;Café moído
Cajú 300g;Caju
Caldo Knorr Legumes 6 cubos;Caldo concentrado
Camarão Cinza Sem Cabeça Cozido Congelado Contém entre 25/40 200G;Camarão
Camarão Descascado Cozido Congelado DELLMARE Pacote 200g;Camarão
Camarão Maris Inteiro Cozido Congelado 200g;Camarão
Camarao S/cab Cong Camanor 41/50 400g;Camarão
Camarão Seco Do Mar Defumado Médio 1kg;Camarão seco
Camarão Sem Cabeça 7 Barbas Congelado Pescador 500g;Camarão
Camomila Orgânica Maço;Camomila
Camurim com Cabeça In Natura;Peixe-robalo
Canela em Pó Crowne 30g;Canela em pó
Cappuccino 3 Corações Diet 150g;Café solúvel
Cápsulas de Café L´or Espresso India;Café em cápsulas
Caqui Rama Forte 610g;Caqui
Cará 1 Unidade 700g;Cará
CARÁ SÃO TOMÉ KG;Cará
CARAMBOLA (1 KG);Carambola
Carne Bovina Cupim Maturada Kg;cupim
Carne Bovina Moída De Patinho Resfriada QUALITÁ Bandeja 500g;Carne moída de primeira
Carne Caranguejo Milly Pesc 500g;Caranguejo
Carne De 1a - Moída - Kg;Carne moída de primeira
Carne De Rã Congelada Frigorã Pacote 500g;Rã
Carne de Siri Congelado SANTA LUZIA 500g;Siri
Carne Moída de Segunda Angus Kg;carne moída de segunda
Carne Moída Especial* (Capa do acém);Carne moída de segunda
Carne Suina Cartago Defum 500g;Carne de porco
Carne Suina Orelha Cartago Defum Kg;Carne de porco
Carne Suina Salgada Rabo;Carne de porco salgada e defumada
Carpa Húngara inteira;Peixe-carpa
Carré de Cordeiro Congelado 300g;Carne de carneiro
Carre Suino Congelado Pc 3,5 Kg;Carne de porco
Castanha Da Índia Inteira ( Semente ) 500g;Castanha-da-índia
Castanha de Caju W1 Norteminas 150g;Castanha de caju
Castanha do Pará Imbiara 100g;Castanha-do-pará
CASTANHA DO PARÁ QUEBRADA;Castanha-do-pará
Castanha do Pará sem Casca QUALITÁ 120g;Castanha-do-pará
CASTANHA PORTUGUESA IN NATURA 100G - UN;Castanha portuguesa
Castanha-de-Caju Granulada Xerém Qualitá Bandeja 200g;Castanha de caju
Catalonha Orgânica Unidade - Raízs;Catalonha
Cauda de Lagosta Kg;Lagosta
Cebola Roxa Nacional 400g;Cebola
Cenoura Organica 600g;Cenoura orgânica
Cenoura Ralada 200g;Cenoura
Cereal Infantil Mucilon Arroz E Aveia 230g;Farinha de arroz
Cereal Integral NESTLE Aveia Flocos 340g;Aveia em flocos
Cereal Neston 3 Cereais Sachê 600g;Flocos de cereais
Cerv Prima Gf 500ml;Cerveja
Cerveja Antarctica 473ml (Lata);Cerveja
Cerveja Artesanal Brewpoint Red Ale 500ml;Cerveja
Cerveja Barbarella Framboesa 355ml;Cerveja
Cerveja Eisenbahn Pilsen Puro Malte Long Neck 355ml;Cerveja
Cerveja Golden Ale Baden Baden Garrafa 600ml;Cerveja
Cerveja HEINEKEN Lata 350ml;Cerveja
Cerveja Itaipava 0,0% Álcool 350ml (Lata);Cerveja
Cevada em Grãos 500g;Cevada (em grão)
Cevada Solúvel Superbom A Granel 1kg - Qualidade Premium;Cevada (em grão)
Chá Branco Casa Madeira Lichia e Jasmim 500ml;Chá
Chá Chinezinho Hortelã 13g;Chá
Cha Dr Oetker Mate 20g;Chá mate (erva mate)
Chá Dr. Oetker Capim Cidr Cx 15g;Chá
Cha Leao Agua Gelada Fuze Cha Preto E Frutas Vermelhas 25gr;Chá
Chá Leão Camomila 10 Sachês 10g;Chá
Chá Leão Mate Granel 250g;Mate
Chá Mate Barão 500g Tererê;Mate
Chá New English Camomila Romana 15g;Chá
Chá New English Rosa Mosqueta e Hibisco 15g;Chá
Chá Prenda Erva Doce 10 Sachês 18g;Chá
Cha Preto Twinings Cx Sache 20g Breakfast .;Chá preto
Chá REAL Vários Sabores c/ 10 Saquinhos;Chá
Chá Sene Folhas CHINATOWN Pacote 20g;Chá
Chá Twinings Morango e Manga 18g;Chá
Chantilly Spray President 250g;Chantili
Chantilly Vigor 250g Spray Tradicional;chantili
Cheiro Verde BEIJA FLOR 70g;Cheiro-verde
Cherne em Postas Fresco Companhia do Peixe 500g;Peixe-cherne
Chia em Grãos Integral Omega 3 Vegano Jasmine 150g;Chia
Chiclete de Canela 8g - 21 unidades - Trident;Balas
Chiclete Trident Xfresh Crystal Menta 9 Unidades;balas
Chiclete Tutti Frutti 18g C/78 - DannyBall;Balas
Chicória Orgânica HORTA E SAÚDE Unidade;Chicória
Chips De Batata Mae Terra Organico 32gr;batata chips
Chocolate Bis Laka 126g;Chocolate em barra e bombom
Chocolate Kit Kat ao Leite Nestlé 24 un de 41,5g cada;Chocolate em barra e bombom
Chopp Heineken Growler 1 Litro;Cerveja
Chuchu Extra Bandeja 600g;Chuchu
Coalhada Desnatada Betânia Pote 140g;Coalhada
Coalhada Fiore Light 140g;Coalhada
Coalhada Potiguar 240g Desnatado .;Coalhada
Coalhada Verde Campo Sem Lactose 140g;Coalhada sem lactose
Coca-Cola Sem Açúcar PET 1,5L;Refrigerante e água mineral
Cocada Flormel Zero 75g;Cocada
Cocada Tradicional Doce Mais 50 Unds 1,05kg;Cocada
Coco Ralado Sococo Desidratado 50g;Coco ralado
Coco Seco 1kg;coco-da-baía
Coco Verde Un;coco-da-baía
CODORNA A PASSARINHO GOOD CONGELADA 1KG;Codorna abatida, congelada ou viva
Coentro 1 maço;Coentro
Coentro DEVILE 15g;Coentro
Coentro Hidropônico DEVILE Unidade;Coentro
Coentro Orgânico Molho;Coentro orgânico
Cogumelo Paris Champetit 250g;Cogumelo (fresco)
Cogumelo Paris Zucca 200g;Cogumelo (fresco)
Cogumelo Shimeji Preto bandeija;Cogumelo (fresco)
Cogumelo Shimeji Preto Zucca 200g;Cogumelo (fresco)
Cogumelo Shitake Orgânico Zucca 200g;Cogumelo orgânico
Colorau Nordestino Sc 100g;Colorau
Cominho Moído Koru Pc 15g;Cominho
Conhaque Presidente 970ml;Outras bebidas alcoólicas
Contra Filé Bovino Orgânico Resfriado Korin;Contrafilé orgânico
Contra Filé Bovino Resfriado Noix a Vácuo 900g;Contrafilé
Contra Filé em Bife Bandeja 500g;contrafilé
Contra Filé Maturatta FRIBOI Resfriado Pedaço 1,2kg;Contrafilé
Copa Lombo Suíno Congelada 550g;Carne de porco
Coração Alcatra Bov Maturatta 1,5 kg;Outras vísceras
Coracao Bov Cong 1,3 Kg;Outras vísceras
Coração de Porco 1kg;Víscera de porco
Coração Frango Bom Todo Congelada 1kg;Coração de galinha ou frango
Costela Moída;Carne moída de segunda
Costela Suína Sadia Tiras 1Kg;Carne de porco
Couve Bruxelas pacote;Couve-de-bruxelas
Couve Flor Laranja Orgânica - Raízs;Couve-flor
Couve Flor unidade;Couve-flor
Couve Kale Roxa Orgânica (un);Couve orgânica
Couve Manteiga Corte Fino Higienizado QUALITÀ 180g;Couve
Couve Manteiga Orgânica Maço;Couve orgânica
Coxão Mole (Chã de Dentro) em Bife Bandeja 500g;Chã de dentro
Coxas de Frango Congeladas KORIN Bandeja 600g;Coxa de galinha ou frango
Coxinha da Asa de Frango Copacol com Osso 600g;Asa de galinha ou frango
COXINHA DE FRANGO LOW CARB MAGRELA 300G;Salgado semipronto
Cream Cheese Light 150g Philadelphia;Cream cheese
Cream Cheese Philadelphia Light 150g;cream cheese
Creme de Avelã Nutella 140g - Ferrero;Creme de avelã
Creme de Leite Nestlé 300g (Lata);Creme de leite
Creme De Leite Regina Leve 200g;creme de leite
Cremogema Farinha Lactea 180g Maizena;Cremogema
Cubos De Pernil Suíno SWIFT 500g;Carne de porco
Cupim Bovino Resfriado 1,100kg;Cupim
Cupim Di Prima Resfriado 1kg;Cupim
Cupuaçú 1 Unidade 700g;Cupuaçu
Curry Kitano 50g;Curry
Diet Week Shake 360g Mousse de Chocolate - Maxinutri;diet shake
Display Barra Hershey's Air Ao leite 16X85g;Chocolate em barra e bombom
Doce de Abóbora com Coco Oliveira 400g;Doce de abóbora
Doce de Jaboticaba Artesanal em Calda Minas 680g;Doce de frutas em calda
Doce De Leite Flormel Com Coco Zero Açúcares 75g;Doce de leite
Doce de Leite HAVANNA 450g;Doce de leite
DONRUAN CREME DE CHOCOLATE 500ML;chocolate em creme
Energético Red Bull Red Bull Energy Drink The Summer Edition 250ml;Energético e Isotônico
Erva Mate Chimarrão Barão De Cotegipe A Vácuo 500g;Chá mate (erva mate)
Ervilha em Conserva Knorr Lata 170g;Ervilha em conserva
Ervilha Pachá Pacote 500g;Ervilha (em grão)
Ervilha Partida (Granel - Preço/100g);Ervilha (em grão)
Ervilha Torta Mape Bandeja;Ervilha (em vagem)
Escarola Und;Chicória
Extrato de Própolis Mandala Verde 30ml;Própolis
Fagottini com Recheio de 4 Queijos MASSA LEVE 350g;Massa semipreparada
Farelo de Aveia Oat Bran NATIVE Caixa 200g;Farelo de aveia
Farinha 00 Clássica 1kg Le 5 Stagioni;Farinha (não especificada)
FARINHA DE ARROZ INTEGRAL 500G - UN;Farinha de arroz
Farinha de Arroz Urbano sem Glúten 1kg;Farinha de arroz
Farinha de Aveia - 500 g (Noz do Brasil);Farinha de aveia
Farinha de Aveia (Granel 500g);Farinha de aveia
FARINHA DE BANANA VERDE 100G - UN;Farinha de banana
Farinha de Centeio Integral Orgânico 350g Coopernatura;Farinha de centeio
Farinha De Coco Monama 200g;Farinha de coco
Farinha de Linhaça Dourada Orgânica Ecobio 300g;Farinha de linhaça
Farinha de Linhaça Dourada Sem Glúten Leve Crock 200g;Farinha de linhaça
Farinha de Linhaça Marrom Mãe Terra 150g;Farinha de linhaça
FARINHA DE MANDIOCA AMARELA JUPARANÃ 1KG;Farinha de mandioca
Farinha de Mandioca Crua YOKI Pacote 500g;Farinha de mandioca
Farinha de Maracujá (Granel 200g);Farinha de maracujá
Farinha de Milho (Fubá) Orgânica Korin 500g;Fubá de milho
Farinha de Milho KIPOLENTA Pré Cozido 500g;Fubá de milho
Farinha de Rosca Pullman 500g;Farinha de rosca
Farinha de Rosca ST MARCHE 600g;Farinha de rosca
Farinha de Soja Crua 500g;Farinha de soja
Farinha Especial Sem Glúten 1kg Beladri;Farinha (não especificada)
Farinha Láctea Soymilke sem Lactose 210g;Farinha vitaminada
Farinha Trigo C/ferm Rosa Branc 1kg;Farinha de trigo
Fava Seca Libanesa Gardenia 907g;Fava
FÉCULA DE MANDIOCA AMAFIL 500G;Farinha de mandioca
Feijão Azuki 500g - Caldo Bom;Feijão azuki
Feijão Branco Tipo 1 Qualitá Pacote 500g;Feijão-branco
Feijão Carioca Lider Pacote 1Kg;Feijão-carioca (rajado)
Feijão Fradinho Caldo Bom 2kg;Feijão-macáçar (fradinho)
Feijão Fradinho Orgânico Coopernatural 500g;Feijão-macáçar orgânico
Feijao Kicaldo 1Kg Rajado;Feijão-carioca (rajado)
Feijão Preto Máximo Kg;Feijão-preto
Feijão Preto Natural • 1Kg;Feijão-preto
Feijão Preto Sabor Máximo 1kg;Feijão-preto
Feijoada Em Lata Pronta Para O Consumo Sistema Abre Fácil;Feijoada em conserva
Feijoada Enlatada Anglo 820g;Feijoada em conserva
Feijoada Qualitá Lata 420g;Feijoada em conserva
Fermento Químico Royal em Pó 100g;Fermento
Fibra Trigo Jasmine Pacote 250g;Germe, glúten e fibra de trigo
Fígado (Íscas) - 500g - içougue;Fígado
Fígado Bovino 1 kg;Fígado
Fígado Bovino Bandeja 500g;Fígado
FILÉ DE ABADEJO IMPORTADO 400/800G;Peixe-badejo
Filé de Abrotea COSTA SUL Congelado 800g;Peixe-abrótea
Filé de Anchova Di Salerno Lata 50g;Anchova em conserva
FILÉ DE BEIJUPIRÁ 1Kg;Peixe-beijupirá
FILÉ DE COXA E SOBRECOXA ORGÂNICO SEARA 600G;Coxa e sobrecoxa de galinha ou frango orgânica
FILÉ DE LINGUADO MÉDIO (SEM PELE) CONGELADO;Peixe-linguado
FILÉ DE NAMORADO CONGELADO;Peixe-namorado
Filé de Peito de Frango Big Frango Congelado 1kg;Peito de galinha ou frango
Filé de peixe espada com pele congelado Marpex 800g;Peixe-espada
Filé de Peixe fresco Namorado - De 300g a 700g;Peixe-namorado
FILÉ DE PEIXE ROBALO CONGELADO – 1 KG;Peixe-robalo
FILE DE PESCADA BRANCA 1KG;Peixe-pescada
FILÉ DE PESCADA CAMBUCU (1KG);Peixe-pescada
Filé de Pescada SWIFT 500G;Peixe-pescada
FILÉ DE PIRARUCU SWIFT 500G;Peixe-pirarucu
FILÉ DE POLACA DO ALASCA 800G;Peixe-polaca
Filé de Salmão Congelado 1kg;Peixe-salmão
Filé de surubim do norte congelado 1kg;Peixe-surubim
FILÉ DE TAINHA CONGELADA;Peixe-tainha
File De Tilápia Congelado Sem Pele 500g;Peixe-tilápia
FILÉ DE TILAPIA SAINT PETER CONGELADA;Peixe-tilápia
Filé de Tira Vira 800g;Peixe-tiravira
Filé de Trilha 500g;Peixe-trilha
Filé de Truta Congelada TAEQ Pacote 400g;Peixe-truta
Filé Mignon Bovino Extra Limpo Resfriado Bandeja 1Kg;Filé-mignon
Filé Mignon Bovino Orgânico Korin Resfriado - 100g;Filé-mignon orgânico
Filé Mignon Bovino Peça Kg;filé-mignon
File Mignon Bovino Sem Cordao Resfriado 2,100 kg;filé-mignon
File Peixe Atum Cruz Pc 1kg;Peixe-atum
Filé Peixe Merluza Fish Pacote 800g;Peixe-merluza 
File Peixe Pesc Amarela Fish Pc 800g;Peixe-pescada
File Peixe Salmao Cruz Cong 1kg;Peixe-salmão
Filet Mignon (sem Cordão);Filé-mignon
Filezinho De Peito De Frango Rivelli 800g;Peito de galinha ou frango
Filézinho Sassami Orgânico Congelado bdj 600g - Korin;Peito de frango orgânico
Flocos de Milho Granfino Fubarina Instantânea 500g;Flocos de milho
Focinho de Porco 1kg;Nariz de porco
Folha de Louro 10g (Vidro);Louro
Frango À Passarinho SWIFT 1Kg;Frango em pedaços
Frango Congelado Seara 2,250kg;Frango inteiro
Frango Inteiro Lar Kg;Frango inteiro
Frango Orgânico Congelado KORIN 1,4kg;Frango inteiro orgânico
Frango Saboroso In Natura 2,750Kg;Frango inteiro
Frutas Cristalizadas Benassi 200g;Doce de frutas cristalizado
Fubá de Milho Granfino Instantâneo 500g;Fubá de milho
Fubá Pré Cozido 500g Yoki;Fubá de milho
Gelatina Dr Oetker Uva 20g;Gelatina
Gelatina em pó Royal Limão 25g;Gelatina
Gelatina Po Royal Zero Pc 12g Maracuja .;Gelatina
Gelatina Royal Sem Sabor 2 Unidades 12 G;Gelatina
Gelatina sabor Hibisco com Morango 12g Natural Life;Gelatina
Geleia de Frutas Vermelhas Queensberry Classic 320g;Geleia de frutas
Geleia de Mocotó Sabor Morango ARISCO Caixa 220g;Geleia de mocotó
Geleia Mocoto Ducopo Vd 180g Tutti Frut;Geleia de mocotó
Geleia Mocoto Zero Ducopo 180g;Geleia de mocotó
Geléia Morango 70% menos calorias Pedaços Fruta Linea 230g;Geleia de frutas
Geleia Real In Natura 10 gramas Apiários Seiva das Flores;Geleia real
Geléias Finas QUEENSBERRY Sabor Amora Pote 320g;geleia de frutas
Gelo Ster Bom Cubo Pacote 3kg;Gelo em cubo, pedra, etc.
GÉRMEN DE TRIGO 100G ;Germe, glúten e fibra de trigo
Gin Intencion Clássico 900ml;Outras bebidas alcoólicas
GLÚTEN DE TRIGO 100G;Germe, glúten e fibra de trigo
Gnocchi de Batata Sem Glúten La Molisana 500g;Massa semipreparada
Goiaba 750g;Goiaba
GOIABA CROCANTE DOCE MEL KG;Goiaba
Gordura Veg Palma Flor De Palma 15kg;banha vegetal
Gordura Vegetal Mesa Para Fins Culinários 500g;banha vegetal
Granola Cereais Maltados Integral Vegana Jasmine 300g;Granola
Granola Integral Barano 500g;Granola
GRÃO DE BICO PEQUENO 500G - UN;Grão-de-bico
Grão-de-bico Orgânico Mãe Terra Pacote 400g;Grão-de-bico
Guaraná Antarctica 1,5l;Refrigerante e água mineral
Guaraná em Pó 100g Naiak;Guaraná em pó (natural)
Guarana Em Pó Vila Ervas 100g;Guaraná em pó (natural)
Guaraná Kuat Original PET 2L;Refrigerante e água mineral
Guarana Po Germina Pacote 100g;Guaraná em pó (natural)
Hambúrguer Bovino Picanha Mar e Mar 56g;Hambúrguer
Hambúrguer de Soja Vegetal Sabor Carne Vermelha 110g;Hambúrguer
Hambúrguer Frango Empanado Sadia 900g;Hambúrguer
Hambúrguer Misto Tradicional Brasa Burguers 56g;Hambúrguer
Hambúrguer Vegano Ervilha Incrível Burguer Sabor..Frango Seara 226g;Hambúrguer
Hortelã HORTA GUESSER 30g;Hortelã
Ice 51 Sabor Maracujá Garrafa 275ml;Ice
Inhame 500g;Inhame
Inhame Bandeja 250g;Inhame
Iogurte Batavo Polpa Morango e Coco 540g;iogurte e bebidas lácteas
Iogurte Coalhada Desnatado VIGOR Viv Pote 170g;coalhada
Iogurte líquido com 24g de proteína YoPRO Vanilla Café 250g;Iogurte e bebidas lácteas
Iogurte Líquido Desnatado DANONE Sabor Morango Garrafa 1,25Kg;iogurte e bebidas lácteas
Iogurte Líquido Paulista Mix de Frutas 850g;iogurte e bebidas lácteas
Iogurte Natural Fazenda Bela Vista 170g;Iogurte e bebidas lácteas
Iogurte Natural Nestlé Mel 170g;Iogurte e bebidas lácteas
Iogurte Pedaços Batavo 100g;iogurte e bebidas lácteas
Iogurte Probióticos Activia Polpa Mamão Cereais e Aveia Lv 8 Pg 7 800g;Iogurte e bebidas lácteas
Iogurte Vigor Morango 180g;Iogurte e bebidas lácteas
Iscas De Frango Sadia Empanado Tradicional 300g;Frango empanado
Isotônico Gatorade Laranja Garrafa 500ml;Energético e Isotônico
Jabuticaba 500g;Jabuticaba
Jambu Unidade;Jambuaçu
Jerimum Caboclo Kg;Abóbora-moranga
JERIMUM DE LEITE KG;Abóbora
Jiló 1 Unidade 500g;Jiló
Joelho Suíno Congelado 550g;Carne de porco
Kale Couve maço;Couve
Kelloggs Barra 12x20g Sucrilhos;Flocos de milho
Kit 3 Cereal Corn Flakes Flocos Milho sem Glúten 250g Schar;Flocos de milho
Kit com 3 Creme de Chocolate com Avelã Cacaufit 160g;chocolate em creme
Kit Ingredientes Para Paella Pescado Congelado OCEANI 400g;Paella
Kit Macarrão Oriental Lamen Shin Ramyun Carne e Legumes Nongshim 110g - 5 Pacotes;Macarrão instantâneo
Lagarto Bovino Resfriado em Bife Bandeja 500g;Lagarto comum
Lagarto Plano 600g;Lagarto comum
Lagarto Redondo Moido 1kg;Carne moída de primeira
Lagarto Redondo Pedaço 500g;Lagarto redondo
Lagosta Inteira;Lagosta
LANCHE PEPERI QUADRADO AURORA KG;Lanche peperi (presuntos suíno e de frango)
Laranja Bahia Importada 1,2 Kg;Laranja-baía
Laranja Ceu Organica (1kg);Laranja (não especificada)
Laranja Importada Granel 1kg;Laranja (não especificada)
Laranja Kinkan;Kinkan
Laranja Lima LUCATO Disney 1kg;Laranja-lima
Laranja Mimo 1,160 Kg;Laranja (não especificada)
Laranja Pêra Pacote 3kg - PRA VALER;Laranja-pera
Leite Betania Integral Uht Tp 1lt;Leite longa vida
Leite Coco Coco & Cia Int Gf 200ml Espec;Leite de coco
Leite Condensado Delakasa Sem Açúcar 200g;leite condensado
Leite Condensado Mococa 395ml;leite condensado
Leite Condensado Nestlé Moça Light 410g;Leite condensado
Leite Condensado Nestlé Moça Semi Desnatado 395g (Tetra Pak);Leite condensado
Leite de Amêndoas Natuterra 1 Litro;leite de amêndoas
Leite de Coco Chinezinho 200ml;Leite de coco
Leite de Soja em Pó Natural sem Açúcar SOYMILKE Pote 250g;leite de soja em pó
Leite em Pó Elegê Integral Instantâneo 400g (sachê);Leite em pó
Leite em Pó Integral Ccgl Instantâneo 400g;leite em pó
Leite em Pó Integral Nestlé Ninho Forti+ Lata 380g;leite em pó
Leite em Pó Tirol Instantâneo 400g;leite em pó
Leite Fermentado Integral Aveia Activia Copo 140g;leite de aveia
Leite Fermentado Yakult Light 480g;leite fermentado
Leite Integral JUSSARA Garrafa 1 Litro;leite longa vida
Leite Orgânico Desnatado TIMBAUBA 1 Litro;leite de vaca orgânico
Leite Pasteurizado Clan 1l Natural .;leite pasteurizado (não especificado)
Leite Pasteurizado Desnatado Orgânico 1L - No Carbon;Leite desnatado pasteurizado
Leite Pasteurizado Fresco Tipo A Desnatado Light Garrafa FAZENDA BELA VISTA 1Litro;leite desnatado pasteurizado
Leite Pasteurizado Homogeneizado Tipo A Semidesnatado XANDÔ Garrafa 1 Litro;Leite semidesnatado pasteurizado
Leite Pasteurizado Integral Cooper Garrafa 1 Litro;Leite pasteurizado (não especificado)
Leite Po Integral Inst Leitbom Pc 200g;leite em pó
Leite UHT Batavo Desnatado 1L;leite longa vida
Leite UHT Desnatado Parmalat Garrafa 1 Litro;leite longa vida
Leite UHT Itambé Nolac Semidesnatado 1l;Leite longa vida
Leite UHT Parmalat Integral 1L;leite longa vida
Lemon Sour Orgânico Wewi;Refrigerante e água mineral
LENTILHA AMARELA 400G CERES BRASIL - UN;Lentilha
Lentilha Hikari 500g;Lentilha
Lentilha Pachá Pacote 500g;Lentilha
Lentilha QUALITÁ Pacote 500g;Lentilha
Licor Italiano FRANGELICO Garrafa 700;Outras bebidas alcoólicas
Limao Comum 350g;Limão
Limão Tahiti Pacote 1kg;Limão
Linea Ovo De Páscoa Recheado Mousse De Chocolate 240G;ovo de páscoa
Lingua Bov Cong 1,150 Kg;Outras vísceras
Língua de Porco Salgada Kg;Víscera de porco
Linguiça Frimesa Paio Granel Kg;Paio
Linguiça Paio Aurora 400g;Paio
Linguiça Suína Fina Dona Carne;Linguiça
Lingüiça Toscana Na Brasa Queijo Coalho Perdigão..600g;Linguiça
Linhaça dourada 200g Premium Integral;Semente de linhaça
Linhaça Escura 250g;Semente de linhaça
LOMBO DE ATUM KIHADA FRESCO;Peixe-atum
Lombo de Bacalhau Dessalgado Congelado GRAND CHEF 1kg;Bacalhau
Lombo de Dourado fresco - De 200g a 500g;Peixe-dourado de água doce
Lombo de Salmão 700g;Peixe-salmão
Lombo Peixe Cacao Fish 800g;Peixe-cação
Lombo Suíno Defumado;Carne de porco salgada e defumada
Maçã Fuji Kg;Maçã
Maçã Granny Smith Granel 500g;Maçã
Maçã Vermelha Gala Fuji 750g;Maçã
MACADÂMIA DESCASCADA (200 G);Macadâmia
Macarrão com Ovos Caseiro Talharim Nº 2 QUALITÁ Pacote 2kg;Macarrão
Macarrão de Arroz Urbano Pena Integral 500g;Macarrão
Macarrão Galo 500g Aletria Sêmola;Macarrão
Macarrão Instantâneo de Costela Nissin Lámen Pacote 85g;Macarrão instantâneo
Macarrão Instantâneo de Galinha Caipira Nissin Miojo Lámen Pacote 85g;Macarrão instantâneo
Macarrão Instantâneo Nissin Yakissoba 500g Pronto Em 4 Min.;Macarrão instantâneo
Macarrão Instantâneo Renata Express Carne 85g;Macarrão instantâneo
Macarrão Instantâneo Tomate Suave Nissin Miojo Turma da Mônica 85g;Macarrão instantâneo
MACARRÃO INSTANTÂNEO YAKISSOBA HIROTANI - 1 KG;Macarrão instantâneo
Macarrão Parati C/ovos Caseiro Talharim Pa 500g;Macarrão
Macarrão Renata com Ovos Parafuso 500g;Macarrão
Macarrão Yakissoba Karui Fino 500g;Macarrão
Maçãs Orgânicas FAMÍLIA SALUTE 500 g;Maçã orgânica
Macaxeira Casa Do Milho Verde Pacote 1kg;Mandioca (aipim)
Macaxeira Regional Kg;Mandioca (aipim)
Maionese Hellmann´s Tradicional 800g sachê;Maionese
Maionese Made in Roça Salsa e Cebola 480g;Maionese
Maionese Vegana 100 Foods 200g Pimenta .;Maionese
Mamão Formosa Bandeja 1 Unidade;Mamão
Mamão Papaya 1 Unidade 700g;Mamão
Maminha Bovina Extra Limpa Resfriada BASSI 1,2kg;Alcatra
Mandioquinha (Batata Baroa) a Granel 500g;Mandioquinha (batata-baroa)
Mandioquinha Mns Pct 500g;Mandioquinha (batata-baroa)
Mandioquinha Orgânica - Kg;Mandioquinha (batata-baroa)
MANGA ESPADA (1 KG);Manga
Manga Tommy 800g;Manga
Manjericão Maço;Manjericão
Manjericão Organico (uni);Manjericão
Manjuba Inteira Congelada Costa Sul 800g;Peixe-manjuba
Manteiga Extra Com Sal Président Gastronomique Pote;Manteiga
Manteiga Extra com Sal QUALITÁ Tablete 200g;manteiga
Manteiga Lac Lélo sem Sal 200g;manteiga
Manteiga Natural Da Vaca Com Sal Pt 200g ;Manteiga
Manteiga Turvo Lata 500g;manteiga
Maracujá Azedo Kg;Maracujá
Margarina Cremosa com Sal QUALY Pote 500g;margarina
Margarina light com sal Doriana 500g;margarina
Margarina Qualy Light Zero Lactose Com Sal 250g;margarina
Margarina Sabor Manteiga Cremosa com Sal VIGOR Pote 500g;margarina
Margarina Vigor Com Sal 1kg;margarina
Massa de Pizza Low Carb 200g Magrela;Massa semipreparada
Massa de Semolina Aldente Parafuso 500g;Macarrão
Massa Folhada Congelada Arosa 400g Semilaminada;Massa semipreparada
Massa G Duro P Coricelli Penne Riga 500g;Macarrão
Massa Para Pastel Massa Leve 200g;Massa semipreparada
Massa Para Pastel Massaleve Discão 500g;Massa semipreparada
MASSA PRONTA PARA PANQUECA – PANCAKE MIX GOURMAND;Massa semipreparada
Massa Rondelli Bigi Ricota Spinaci 400g;Massa semipreparada
Massa Tipo Tortilha Para Wrap Sem Glúten 240g Casa Rigani;Massa semipreparada
Mastruz Maço Un;Mastruço
Mel Baldoni ORGÂNICO BRASIL 300g;Mel de abelha orgânico
Mel Caatinga Bamburral Beeva Vidro 280g;Mel de abelha
Mel Mandala 100% Natural Flores Laranjeiras 800gr;Mel de abelha
Mel Org Baldoni Jarra 300g;Mel de abelha orgânico
Mel Sabugi Pet 280g;Mel de abelha
MELANCIA (1/2) - 5 KG;Melancia
Melancia Top Brasil 1,150g;Melancia
Melão Amarelo Rei Unidade;Melão
Melao Charentais 820g;Melão
Melão com Rede Kg;Melão
Melão São Caetano (Nigagori / Goyá) Kg a granel;Nigagori
Mexerica Importada;Tangerina
Mexerica Murcot 1kg;Tangerina
mexilhão limpo congelado pacote de 1kg;Marisco
Milanesa - Embalagem 1,01kg | Caixa com 10 unid.;Rosbife, bife à milanesa industrializado (semipronto)
Milho de Pipoca p/ Microondas Yoki 90g/100g;Milho (em grão)
Milho torrado e salgado Barbecue Feliz 65g;Milho (em grão)
Milho Verde Quero Lata 170g;Milho-verde em conserva
Mingau Vitalon Turma da Mônica Arroz e Aveia Sachê 200g;Farinha de arroz
Mini Bombom Crocante Com Caramelo Flormel Pouch 54g;Chocolate em barra e bombom
Mini Kibe Massa Tung 1Kg;Salgado semipronto
MIOLO DA ALCATRA GRILL BOVINO NO VÁCUO;Alcatra
Mirtilo 125g;Mirtilo
Mistura Fécula de Batata Yoki 200g;Fécula de batata
Mistura para Bolo Cremoso Aipim Fleischmann Sachê 390g;misturas industriais de bolos, tortas, biscoitos, etc.
Mistura Para Bolo Limão Lowçucar 300g;misturas industriais de bolos, tortas, biscoitos, etc.
Mistura para Mingau CREMOGEMA Tradicional Vitaminada 500g;Cremogema
Mix A Sementeria - tradicional - Médio 150g;Mix de sementes e frutas
Mix Cheiro Verde DELÍCIA 70g;Cheiro-verde
Mix de Sementes e Nuts Jasmine 40g;Mix de sementes e frutas
Mix Frutas Desidratadas 1kg Especial Frutas Selecionadas;Fruta seca
Mix Frutas Desidratadas Heaven 80g;Fruta seca
Mix Legumes em cubos ( 1 saco aprox. 300g);Jardineira (seleta)
Mix Premium de Frutas Desidratadas 400g - Empório Casa do Rei;Fruta seca
Mocoto Bovino Congelado SWIFT 1,3KG;Mocotó de boi
Mocotó Bovino Resfriado Bandeja 500g;Mocotó de boi
Mocotó Congelado 1kg;Mocotó de boi
Molho Cheddar Polenghi Club Do Molho Pote 220G;molho de cheddar
Molho de Soja Shoyu Karui Tradicional 1L;Molho de soja
Molho de Tomate Heinz Tradicional 340g (Sachê);Atomatado
Molho de Tomate Olé Refogado 520g (Tetra Pak);Atomatado
Molho Inglês Worcestershire Minhoto Vidro 150ml;Molho inglês
Molho La Pastina Pesto Ala Genov 180g C/trufas .;Molho pesto
Molho Madeira Elegê 200g;Molho madeira
Molho para Salada Castelo Italiano 236ml;Molho para salada
Molho Tempemar Alho 150ml;Molho de alho
Morango Nacional Caixa 250g;Morango
Mortadela Ceratti com Pistache Fatiada 150g;Mortadela
Mortadela Defumada Perdigão Ouro 200g;Mortadela
Mostarda Organica (uni);Mostarda
Mostarda Verde Orgânica Maço;Mostarda
Músculo Bovino 500g;Músculo
Musculo Bovino Moido Resfriado 640g;Carne moída de terceira
Nata Fresca Cem Pt 140g;nata
Nectar Dafruta Caju 200ml;Suco de frutas
Nozes sem casca Orgânica 100g;Noz
Noz-Moscada Kitano 8g;Noz-moscada
Nuggets de Frango Sadia com Queijo 300g;Frango empanado
Nuggets de Frango Sadia Tradicional 300g;Frango empanado
Óleo Composto de Soja e Oliva Ervas Finas Maria Garrafa 500ml;óleo de soja
Óleo de Canola Tipo 1 Purilev Garrafa 900ml;óleo de canola
Óleo de Canola Vitaliv 900ml;óleo de canola
Óleo De Coco Babaçu 1 Litro - 100% Orgânico;Óleo de coco-babaçu
Oleo De Coco Ext Virg Santo Oleo 500ml;óleo de coco (não especificado)
Óleo de Gergelim Karui Torrado 150ml;óleo de gergelim
Óleo de Girassol Tipo 1 Liza Especiais Garrafa 900ml;óleo de girassol
Oleo De Milho Mazola 900ml;óleo de milho
Óleo de Soja LIZA Pet 900ml;óleo de soja
Orégano Kitano 10g;Orégano
Orelha De Porco Cortada 500g;Orelha de porco fresca
Orelha suína salgada aurora;Carne de porco salgada e defumada
Osso P/sopa Bovino Resfriado;Osso bovino
Ovo de Páscoa 400 gramas Frozen + brinde;Ovo de Páscoa
Ovo De Pascoa Vegano Com Recheio Ao Leite De Coco 250g;Ovo de Páscoa
Ovo Mantiqueira Codorna 30un;Ovo de codorna
Ovos Brancos Grandes Bandeja com 20 Unidades;Ovo de galinha
Ovos Brancos Médios Perfa Duas Dúzias E Meia;Ovo de galinha
Ovos Caipiras ORGÂNICO com 10 Unidades;Ovo de galinha
Ovos Vermelhos Grande Mr. Ovo Saúde Bandeja 10 Unidades;Ovo de galinha
Pack Picolé Chocolate Garoto Baton Caixa 270g 6 Unidades;Sorvete
Pacote de Balas Mastigáveis Mix De Frutas Frutiê Vegana Fini 70g;Balas
Palmito Pupunha CULTIVERDE Vidro 90g;Palmito em conserva
Palmito Pupunha Palmland In Natura Espaguete 300g;Palmito (fresco)
Palmito Pupunha Palmland In Natura Para Assar 450g;Palmito (fresco)
Panceta Recheada Seara Gourmet Kg;Carne de porco
Pão De Forma SEVEN BOYS Pacote 450g;pão de forma
Pão de Forma Visconti Integral 400g;pão de forma
Pão De Milho SEVEN BOYS Casa De Vó Pacote 500g;pão de milho
Pão Forma Fabricacao Propria Peso Liquido 450g;Pão de forma
Pao Frances Dr Schar Sem Gluten 130gr;Pão francês
Pão Integral Grãos & Castanhas Plusvita Pacote 450;Pão integral
Pão Integral Visconti 400g;pão integral
Pão Miss Laura Broa de Milho 450g;Broa
Pão para Hot Dog Caseirinho 400g;pão de cachorro-quente
Pão De Forma Tradicional Milani 500G;pão de forma
Pao Sanduiche Center Massas Pacote 400g Hamburguer;Pão de forma
Pão Suply Sem Gluten Tradiciona Pa 350g;pão (não especificado)
Páprica Doce Kitano 50g;Páprica
PARGO INTEIRO FRESCO (MÉDIO);Peixe-pargo
Pasta Americana Branca 800g - Arcolor;Pasta americana
Pata Caranguejo Milly Pesc 500g;Caranguejo
Patê de Atum Gomes Costa 150g;Patê
Patê De Peito De Peru Defumado Sadia 100g;Patê de peru em conserva
Patê De Peito De Peru Defumado SEARA Pacote 100g;Patê
Pate Pasta de Grao de Bico Com Gergelim Organico Homus 200g;Patê
Patinho Bloco 1kg;Patinho
Patinho Bovino Resfriado Bandeja 1Kg;Patinho
Pato Int C/miudos Villa Germania Cong 500g;Pato abatido, congelado ou vivo
Pe De Frango Kg;Pé de galinha ou frango
Pé Suíno Salgado kg;Carne de porco salgada e defumada
Pé Suíno Salgado PRIETO Pacote 400g;Carne de porco
Peito Bovino Peça Inteira kg (aproximadamente 6kg);Peito
Peito Bovino S/osso Resfriado 850g;peito
PEITO DE FRANGO ORGÂNICO 250G VAPZA;Peito de frango orgânico
Peito E Sassami De Peru Cubo Sadia 800g;Peru
Peito Frango Bom Todo Bandeija 1kg;Peito de galinha ou frango
Peixe arraia em posta Ecomar 1kg;Peixe-arraia
Peixe Carapeba Congelado Kg;Peixe-carapeba
PEIXE CASTANHA EM POSTA 800G CONGELADO;Peixe-castanha
Peixe Cavala Posta Cong 1Kg;Peixe-cavala
Peixe Congelado Cavalinha Inteira PLANALTO 800g;Peixe-cavalinha
Peixe Congelado Cioba Inteiro Kg;Peixe-vermelho
Peixe Espalmado Sardinha Fish Pc1kg;Peixe-sardinha
PEIXE GAROUPA CONGELADA 20 KG;Peixe-garoupa
Peixe Inte Xerelete Cruz 1kg;Peixe-xerelete
Peixe Merluza Eviscerado Congelado BOM PEIXE pacote 500g;Peixe-merluza
Peixe Piau 1kg;Peixe-piau
Peixe Piramutaba Com Pele Congelado 900g;Peixe-piramutaba
Peixe Posta Cavala Cruz Pc 1kg;Peixe-cavala
Peixe Posta Dourado Fish Pacote 1kg;Peixe-dourado
Peixe Posta Espada Fish Pacote 1kg;Peixe-espada
Peixe Posta Pescada Amarela Fish Pc 800g;Peixe-pescada
Peixe Posta Tilapia Cruz 1kg ;Peixe-tilápia
Peixe Posta Xareu Cruz 1kg;Peixe-xaréu
Peixe Salgado Seco Bacalhau Saithe kg;Bacalhau
Peixe savelha eviscerada Vitalmar 1kg;Peixe-savelha
Peixe Tipo Bacalhau Desfiado Embalado;Bacalhau
Peixe Traíra Caipira Amazonas 1kg;Peixe-traíra
Pepino Amargo (GOYA/ NIGAGORI);Nigagori
Pepino Comum Preto 1 Unidade 500g;Pepino
Pepino em Conserva Geriba 300g;Pepino em conserva
Pepsi Twist Pet 2l;Refrigerante e água mineral
Pêra D`Anjou Importada a Granel 500g;Pera
Pera Portuguesa 570g;Pera
pernil de Cordeiro Fatiado 300g;Carne de carneiro
PERNIL DE CORDEIRO SEM OSSO;Carne de carneiro
Pernil Suino Dianteiro Resfriado Sem Osso 500g;Carne de porco
Pernil Suíno Temperado  GRAN CORTE 700g;Carne de porco
Pescoço de Frango Gonzales Pacote 1Kg;Pescoço de galinha ou frango
Pescoço De Peru Rezende 1kg;Peru
Pêssego em Calda Delphi 680g;Doce de frutas em calda
Pêssego Importado À Granel 300g;pêssego
Petit gâteau;Petit gateau
Picanha de Avestruz;Carne de avestruz
Picles em Conserva QUALITÁ Pote 250g;Picles
Pimenta Americana Kg;Pimenta
Pimenta Ardida Kg;Pimenta
Pimenta Biquinho 150g;Pimenta biquinho
Pimenta Cambuci Kg;Pimenta cambuci
Pimenta Malagueta 150g;Pimenta-malagueta
Pimentão Blocky 150g Laranja;Pimentão
PIMENTÃO PICANTE EM PÓ LA BARRACA - 750g;Pimentão em pó
Pimentão Verde 300g;Pimentão
Pimentão Verde Orgânico Kg;Pimentão orgânico
Pinha Kg;Fruta-de-conde
Pinhão 500g;Pinhão
Pinoli 20G La Pastina;Pinoli
Pirarucu Filé Tratado 5 Kg Amazonas Delicia Do Norte 100%;Peixe salgado pirarucu
Pistache Benassi 110g;Pistache
Pitaia Kg;Pitaia
Pitaya Vermelha Kgs;Pitaia
Pó para Pudim Diet Sabor Baunilha Dr. OETKER Caixa 25g;Pudim de qualquer sabor
Pó para Pudim Dr. Oetker Baunilha 50g;Pudim de qualquer sabor
Polenta Taragna Moretti 500g - Birra Moretti;Angu de milho
Polpa de Fruta Caju De Marchi Pacote 100g;Polpa de fruta (congelada)
Polpa De Fruta Goiaba Nature 100g;Polpa de fruta (congelada)
Polpa de Fruta Polpanorte Maracujá 100g;Polpa de fruta (congelada)
Polpa De Fruta Tamarindo Brasfrut 100g;Polpa de fruta (congelada)
Polpa Nordestao Acerola Pc 400g;Polpa de fruta (congelada)
Polpa Pe De Fruta Morango 400g;Polpa de fruta (congelada)
Polpa Ster Bom Pacote 400g Goiaba . ;Polpa de fruta (congelada)
POLVO INTEIRO EVISCERADO 1KG;Polvo
PONTA DE AGULHA SEM OSSO BOVINO EM BIFES;Carne de boi de terceira
PORQUINHO INTEIRO FRESCO;Peixe-peroá
Posta de Peixe Tambaqui 1kg;Peixe-tambaqui
posta-de-surubim-do-norte-sem-pele-congelado-pacote-de-1-kg;Peixe-surubim
Preparo Mingau Maizena Cremogema Tradicional;Cremogema
Presunto Cozido Sadia Fatiado 200g;Presunto
Presunto Cozido Sem Capa De Gordura SADIA Fatiado Bandeja 150g;Presunto
Presunto Cozido sem Capa Peperi Kg;Presunto
Presunto Parma Vito Bauducci Premium Fatiado 100g;Presunto
Pudim da Casa Leite Condensado kg;Pudim de qualquer sabor
Queijo Coalho Sao Felix Kg;Queijo
Queijo Cottage Danubio Pote 400g;queijo
Queijo de Leite de Cabra FRANS HALS 200g;queijo
Queijo Do Reino Tirolez Lata 600g;Queijo
Queijo Minas Frescal Light Buritis 390g;Queijo
Queijo Minas Monteminas, Barão ou Juliana (Exc. Light) kg;queijo
Queijo Minas Padrão QUATÁ 350g;queijo
Queijo Minas Padrao Regina 450g;queijo
Queijo Mussarela Muffato Foods Frimesa Fatiado 500g;queijo
Queijo Président Coalho Tradicional Espeto 350g;queijo
Queijo Reino Jong Vigor Lt 550g;queijo
Queijo Societe Roquefort 100g;queijo
Queijo Vegano Minas Fresc Vida Veg 200g;queijo
Quiabo Org Hortaviva 400g;Quiabo
Quinoa Real Organica Mista Em Graos Jasmine 250g;Quinoa
Rabada Bovina Congelada 1Kg;Rabada de boi
Rabada Em Pedaços Resfriada Do Seu Jeito 800g;Rabada de boi
Rabo Bov Cong 600g;Rabada de boi
Rapadura Giovani Cast Pt 150g;rapadura
Refresco em Pó Qualimax Laranja e Acerola - 1kg;Suco em pó
Refresco em Pó TANG Morango 25g;Suco em pó
Refresco Po Mid Pc 20g Laranja .;Suco em pó
Refrig Grapette Gf 1l;Refrigerante e água mineral
Refrigerante Coca-Cola Original 1,5l;Refrigerante e água mineral
Refrigerante Cola Indaiá pet 250ml;Refrigerante e água mineral
REFRIGERANTE COREANO SABOR MORANGO CHUPA CHUPS - 345ML;Refrigerante e água mineral
Refrigerante De Limão Zero Açúcar H2oh 500ml;Refrigerante e água mineral
REFRIGERANTE DOLLY LARANJA 2L;Refrigerante e água mineral
Refrigerante Fanta Uva 2L;Refrigerante e água mineral
Refrigerante Goianinho Guarana 2,5lt;Refrigerante e água mineral
Refrigerante Guaraná Jesus 350ml;Refrigerante e água mineral
Refrigerante Pomelo Biri 500ml;Refrigerante e água mineral
Refrigerante Sukita Laranja Com Suco Natural Pet 2l;Refrigerante e água mineral
Remix Mãe Terra 25g Sementes;Mix de sementes e frutas
Repolho Roxo Kg;Repolho
Repolho Verde (unidade) – orgânico;Repolho orgânico
Requeijão Cremoso Danone Tradicional 200g;Requeijão
Requeijão Poços de Caldas | 200g;Requeijão
Requeijão Poços de Caldas Cremoso Light 400g;requeijão
Requeijão Tradicional Pote Cremille 200g;Requeijão
Requeijão Vigor Cremoso Tradicional 200g;requeijão
Rins Bov Cong 597 800g;Outras vísceras
Romã unidade;Romã
Rosbife Ceratti Pig Beef fatiado 200g;Rosbife, bife à milanesa industrializado (semipronto)
Rosbife Tradicional Magazzino Bandeja 200g;Rosbife, bife à milanesa industrializado (semipronto)
Rucula Hidroponica Un;Rúcula
Ruiva | Red Ale | Lata 473ml;Cerveja
Rum Bacardi Carta Branca 980ml;Outras bebidas alcoólicas
Sal Do Atacama Br Spices Fino 250g;Sal
Sal Grosso Iodado Kitano Tradic 1kg;Sal grosso
Sal Grosso Ita Churra 1kg;Sal grosso
Sal Lebre 1kg Grosso;Sal grosso
Sal Marinho Vitao 1kg;Sal
Sal Marinho Vitao Moído Iodado 1kg;Sal
Sal Refinado Campeao 1kg;Sal
Sal Refinado Cisne Tradicional 1kg;Sal
Sal Refinado Ita Tradicional 1kg;Sal
Sal Rosa Do Himalaia Grosso Kodilar C/Mo 100g;Sal
Salame Mini Perdigão Peça 400g;Salame
Salgadinho De Batata Frita Ondulada RUFFLES Original Pacote 76g;batata chips
Salgadinho Yokitos Batata Ondulada Sabor Churrasco 45g;batata chips
Salsa Hidropônica DEVILE Unidade;Salsa
Salsa Orgânica VERDE VIDA Unidade;Salsa orgânica
Salsao Aipo Hortifrios 250g;Aipo
Salsicha Anglo Conserva 180g;Salsicha em conserva
Salsicha Hot Dog Resfriada Perdigão 500g;Salsicha
Sardinha Coqueiro com Molho de Tomate 125g;Sardinha em conserva
Sardinha Em Oléo 88 Lata 125g;Sardinha em conserva
Sardinha Espalmada SWIFT 500G;Peixe-sardinha
Sardinha Pioneira Eviscerada 800g;Peixe-sardinha
Scalope de Filé Mignon Bovino Resfriado Bandeja 400g;Filé-mignon
Seleta de Vegetais La Vita Higienizada 300g;Jardineira (seleta)
SELETA JARDINEIRA PC 2,5 KG;Jardineira (seleta)
Seleta Knorr 170g Conserva;Seleta de legumes em conserva
Seleta Legumes Ralada Cflv 250g;jardineira (seleta)
SEMENTE DE ABÓBORA CRUA SEM CASCA SEM SAL 100G - UN;Semente de abóbora
Semente de Abóbora sem Sal 230g;Semente de abóbora
Semente De Chia Natural Life Kodilar 100g;Chia
Semente De Linhaça Natural Life Kodilar 200g;Semente de linhaça
Sementes Feijão Vagem Trepador Topseed Garden;Vagem
Shake sabor Morango - Bio Equilibrium;Vitamina concentrada (shake)
Shake Vila Ervas Chia Sabor Banana 300g;Vitamina concentrada (shake)
Snack de Trigo Biscoito Queijo Suave Zero Gorduras Trans Zero Colesterol Eqlibri Panetini Pacote 40g;biscoito
Sobrecoxa de Frango Orgânica SEARA Bandeja 600g;Coxa e sobrecoxa de galinha ou frango orgânica
Sobrecoxa de Frango Orgânico Seara;Coxa e sobrecoxa de galinha ou frango orgânica
Sobrecoxa De Frango Sadia 1kg;Coxa de galinha ou frango
SOJA EM GRÃO ORGÂNICO 500G COOPERNATURAL - UN;Soja em grão orgânica
Soja em Grãos Qualitá 500g;Soja (em grão)
Soja Torrada Benassi 120g;Soja (em grão)
SORGO EM GRÃOS 1KG;Sorgo (em grão)
Sorvete de Morango HÄAGEN DAZS Pote 473ml;Sorvete
Sorvete de Pote Ben & Jerrys Triple Caramel Chunk 458ml;Sorvete
Sorvete Frooty Duo Açaí e Cupuaçu 1,5L;Sorvete
Sorvete Nestlé Napolitano Flocos 1,5L;Sorvete
Sorvete Ster Bom Light 1l Napolitano .;Sorvete
Steinhaeger Schlichte 700 ml;Outras bebidas alcoólicas
Strogonoff Cha Dentro Bovino 500g;Chã de dentro
Suã Comum - Kg;Suã de porco
Suco de Laranja MAGUARY 1 Litro;Suco de frutas
Suco de Manga QUALITÁ 1 Litro;Suco de frutas
Suco Maçã Natural One Ambiente Garrafa 900ml;Suco de frutas
Suco Prats Uva 900ml;Suco de frutas
Suco Purity Caju 1L;Suco de frutas
Suco Sumo Maracuja Gf 1l;Suco de frutas
Suco Tropical Cocar 300ml Uva .;Suco de frutas
SURURU 1kg;Sururu
Tangerina Ponkam 600g;Tangerina
Tanggier Brut Rosé;Vinho
Tempero Arisco Sal e Alho 300g;Alho
Tempero Crowne Cravo da Índia 10g;Cravo
Tempero Crowne Erva - Doce;Erva doce
Tempero Crowne Pimenta do Reino em Pó 30g (Tubo);Pimenta-do-reino
Tempero Sazón Toque De Limão 60g;Tempero misto
Tempero Tempemar Tomilho 10g;Tomilho em folha
Tempero Zattar (Zaatar) 100g;Zaatar
Tentáculos de Polvo Nacional 700g;Polvo
testículo bovino Big Carne;Testículo de boi
Tomate Italiano a Granel 500g;Tomate
Tomate rasteiro kg;Tomate
Tomate Santa Adelia 710g;Tomate
Torresmo Gourmet Peg Pig 140g;Pururuca
Torta Limao Mr Bey Cong Cx 500g;Torta (não especificada)
Toucinho (Picado ou em tiras) - Preço/Kg;Carne de porco
Toucinho Suíno Kg;Carne de porco
TREMOÇO SECO 500G - UN;Tremoço
TRIGO EM GRÃOS GRINGS 500G;Trigo (em grão)
Trigo Inteiro Descascado Byblos 1kg;Trigo (em grão)
Tripa Bovina Salgada Calibre 40/43 Maço Com 25 Metros;Tripa e bucho
Tucupi Amarelo Manioca 300ml;Caldo de tucupi
Uva Agrivale Vitoria Duvale 500g;uva
Uva Mista sem Semente QUALITÁ 500g;uva
Uva Passa Orgânica Importada TAEQ 250g;Uva-passa orgânica
Vagem Macarrão 300g;Vagem
Vagem Macarrão Orgânica Kg;Vagem orgânica
Vermouth Cinzano Bianco 900ml;Outras bebidas alcoólicas
Vieira Congelada Limpa Frescatto 200g;Peixe-vieira
VIEIRA SWIFT 200G;Peixe-vieira
Vin Rose Castillo Montoro Gf 750ml Tempranillo .;Vinho
Vinagre de Maçã Castelo Leve Vita 500ml;Vinagre de maçã
Vinagre Peixe Álcool Colorido 500m;Vinagre de álcool
Vinagre-Peixe-Vinho-Branco-500ml;Vinagre
Vinchante Vin 266 Cabernet Sauvignon Central Valley 2020;Vinho
Vinho Catena Malbec 750 Ml;Vinho
Vinho Chileno Montes Reserva Malbec 750ml;Vinho
Vodka Absolut 750ml;Outras bebidas alcoólicas
Vôngole limpo - Congelado - 1kg;Marisco
Wafer Parati Minueto Mega Morango 105g;Biscoito
Wasabi Pasta Kenko Cx 43g;Wasabi
Whisky Red Label Johnnie Walker 750ml;Outras bebidas alcoólicas
Xarope Guaraná Natural Concentrado Guaralife 1L;Guaraná natural
